TRANSACTION_ID,PREDICTION,PROBABILITY
eed6f943,1,0.90451
f5cd3ab1,0,0.183158
9dc2fd8e,0,0.342235
ce5560f4,1,0.984052
ece4a7d1,0,0.014886
f8078302,1,0.88316
c03cdf82,1,0.776266
dae59d8a,1,0.162774
fe762796,0,0.204285
b3b915d5,0,0.951257
c0175b8c,1,0.64846
3b4796fe,1,0.063453
43aacc0a,1,0.496575
059cdc78,0,0.193998
7c7ea52d,1,0.325002
080fbb64,0,0.573612
badaf6d3,0,0.202231
d8ebb38a,0,0.085331
0aaaf501,1,0.252033
0947ba11,0,0.837803
